{
  "current": {
    "color--accent": "#badfbe",
    "bg-color--body": "#ffffff",
    "color--body": "#212121",
    "color--alternative": "#ffffff",
    "color--button": "#ffffff",
    "bg-color--button": "#212121",
    "bg-color--header": "#ffffff",
    "color--header": "#111111",
    "bg-color--footer": "#badfbe",
    "color--footer": "#212121",
    "typography--heading": "lato_n4",
    "typography--heading--uppercase": true,
    "typography--heading--size": "x-large",
    "typography--accent": "lato_n9",
    "typography--paragraph": "lato_n4",
    "typography--paragraph--size": "medium",
    "search--show-in-header": false,
    "social--instagram--url": "https:\/\/instagram.com\/tryeverly",
    "social--tiktok--url": "https:\/\/tiktok.com\/@tryeverly",
    "popup--show-image": false,
    "popup--social-enabled": false,
    "cart--type": "drawer",
    "cart--show-note": true,
    "sections": {
      "announcement": {
        "type": "announcement",
        "settings": {
          "enabled": true,
          "home-page-only": false,
          "background-color": "accent",
          "light-text": true,
          "text": "LAUNCHING ON SEPTEMBER 2022",
          "link": ""
        }
      },
      "header": {
        "type": "header",
        "settings": {
          "logo": "shopify:\/\/shop_images\/logo.png",
          "logo-position": "center",
          "logo-height": 60,
          "fix-enabled": true,
          "fixed-logo-height": 35,
          "menu": "coming-soon-menu",
          "header-account-show": false,
          "account-icon": "text",
          "search-icon": "text",
          "cart-icon": "text",
          "show-region-selector": false,
          "show-locale-selector": false
        }
      },
      "footer": {
        "type": "footer",
        "blocks": {
          "b6a3fdf5-9398-416f-b689-db3bc40597e0": {
            "type": "about",
            "settings": {
              "about-title": "",
              "text": "<p>[current_year] © Everly Clean Candle<br\/><\/p><p><\/p>",
              "subscribe--show-social-icons": true
            }
          },
          "e32c2919-5280-4489-935f-dc5071aecf12": {
            "type": "menu",
            "disabled": true,
            "settings": {
              "menu-title": "Info",
              "menu": "footer"
            }
          },
          "71875b6d-1dad-4541-9984-699f9700b197": {
            "type": "menu",
            "disabled": true,
            "settings": {
              "menu-title": "Quick links",
              "menu": "footer"
            }
          }
        },
        "block_order": [
          "b6a3fdf5-9398-416f-b689-db3bc40597e0",
          "e32c2919-5280-4489-935f-dc5071aecf12",
          "71875b6d-1dad-4541-9984-699f9700b197"
        ],
        "settings": {
          "show-region-selector": false,
          "show-locale-selector": false,
          "show-payment-icons": false
        }
      },
      "1620626123773e4061": {
        "type": "slideshow",
        "blocks": {
          "1620626123773e4061-0": {
            "type": "image",
            "settings": {
              "text-position": "bottom-left",
              "text-width": "medium",
              "overline": "Overline text",
              "title": "Slide heading",
              "description": "<p>Combine imagery with text to create stand-out campaign sections, eye-catching promotions, information blocks and more.<\/p>",
              "link-url": "\/",
              "link-text": "View more"
            }
          },
          "1620626123773e4061-1": {
            "type": "image",
            "settings": {
              "text-position": "bottom-left",
              "text-width": "medium",
              "overline": "Overline text",
              "title": "Slide heading",
              "description": "<p>Combine imagery with text to create stand-out campaign sections, eye-catching promotions, information blocks and more.<\/p>",
              "link-url": "\/",
              "link-text": "View more"
            }
          },
          "1620626123773e4061-2": {
            "type": "image",
            "settings": {
              "text-position": "bottom-left",
              "text-width": "medium",
              "overline": "Overline text",
              "title": "Slide heading",
              "description": "<p>Combine imagery with text to create stand-out campaign sections, eye-catching promotions, information blocks and more.<\/p>",
              "link-url": "\/",
              "link-text": "View more"
            }
          },
          "1620626123773e4061-3": {
            "type": "image",
            "settings": {
              "text-position": "bottom-left",
              "text-width": "medium",
              "overline": "Overline text",
              "title": "Slide heading",
              "description": "<p>Combine imagery with text to create stand-out campaign sections, eye-catching promotions, information blocks and more.<\/p>",
              "link-url": "\/",
              "link-text": "View more"
            }
          }
        },
        "block_order": [
          "1620626123773e4061-0",
          "1620626123773e4061-1",
          "1620626123773e4061-2",
          "1620626123773e4061-3"
        ],
        "settings": {
          "background-color": "light",
          "spacing-above": false,
          "spacing-below": false,
          "spacing-around-blocks": false,
          "image-height": 3,
          "darken-image": true,
          "blocks_per_slide": 2,
          "blocks_per_slide_mobile": "1",
          "box-around-text": false,
          "mobile-overlay": true,
          "auto-rotate": false,
          "rotate-frequency": 7,
          "transition_type": "slide"
        }
      },
      "162062617873abb5fa": {
        "type": "featured-text",
        "settings": {
          "background-color": "light",
          "overline": "Overline text",
          "heading": "Introduce your brand",
          "text": "<p>Introduce your brand, products and vision statement and welcome customers to your store.<\/p>"
        }
      },
      "162062620665c87507": {
        "type": "grid-with-overlay",
        "blocks": {
          "162062620665c87507-0": {
            "type": "image",
            "settings": {
              "wide": true,
              "tall": true,
              "retain-ratio": false,
              "link-text": "View more"
            }
          },
          "162062620665c87507-1": {
            "type": "image",
            "settings": {
              "wide": true,
              "tall": false,
              "retain-ratio": false,
              "link-text": "View more"
            }
          },
          "162062620665c87507-2": {
            "type": "image",
            "settings": {
              "wide": false,
              "tall": false,
              "retain-ratio": false,
              "link-text": "View more"
            }
          },
          "162062620665c87507-3": {
            "type": "image",
            "settings": {
              "wide": false,
              "tall": false,
              "retain-ratio": false,
              "link-text": "View more"
            }
          }
        },
        "block_order": [
          "162062620665c87507-0",
          "162062620665c87507-1",
          "162062620665c87507-2",
          "162062620665c87507-3"
        ],
        "settings": {
          "text-style": "light-with-overlay",
          "background-color": "light",
          "mobile-overlay": true,
          "container-width": 4,
          "spacing": true,
          "width": 4,
          "mobile-width": "2",
          "heading": "Grid with overlay",
          "subtitle": "",
          "link-text": ""
        }
      },
      "16206262299afb5b3e": {
        "type": "featured-video",
        "settings": {
          "video-url": "https:\/\/www.youtube.com\/watch?v=_9VUPq3SxOc",
          "full-width": true,
          "background-color": "none",
          "section-height": "regular",
          "darken-video": true,
          "heading": "Video",
          "sub-heading": "Add a subheading here",
          "button-text": "button"
        }
      },
      "1620626568f9a23d1a": {
        "type": "text-columns",
        "blocks": {
          "1620626568f9a23d1a-0": {
            "type": "image",
            "settings": {
              "title": "Grid image",
              "description": "<p>Explain a set of product features, add illustrations, infographics, logo lists, or link to pages.<\/p>",
              "link-text": "View more"
            }
          },
          "1620626568f9a23d1a-1": {
            "type": "image",
            "settings": {
              "title": "Grid image",
              "description": "<p>Explain a set of product features, add illustrations, infographics, logo lists, or link to pages.<\/p>",
              "link-text": "View more"
            }
          },
          "1620626568f9a23d1a-2": {
            "type": "image",
            "settings": {
              "title": "Grid image",
              "description": "<p>Explain a set of product features, add illustrations, infographics, logo lists, or link to pages.<\/p>",
              "link-text": "View more"
            }
          },
          "1620626568f9a23d1a-3": {
            "type": "image",
            "settings": {
              "title": "Grid image",
              "description": "<p>Explain a set of product features, add illustrations, infographics, logo lists, or link to pages.<\/p>",
              "link-text": "View more"
            }
          }
        },
        "block_order": [
          "1620626568f9a23d1a-0",
          "1620626568f9a23d1a-1",
          "1620626568f9a23d1a-2",
          "1620626568f9a23d1a-3"
        ],
        "settings": {
          "background-color": "light",
          "container-width": 4,
          "width": 4,
          "image-width": 0,
          "mobile-width": "2",
          "subtitle": "",
          "link-text": ""
        }
      },
      "1620626621ffef6b4f": {
        "type": "image-with-text",
        "settings": {
          "background-color": "light",
          "container-width": 6,
          "spacing-above": false,
          "spacing-below": false,
          "image-height": 3,
          "darken-image": true,
          "parallax-enabled": false,
          "text-position": "bottom-left",
          "text-width": "medium",
          "overlap": true,
          "box-around-text": false,
          "mobile-overlay": true,
          "overline": "Overline text",
          "title": "Image with Text",
          "description": "<p>Combine imagery with text to create stand-out campaign sections, eye-catching promotions, information blocks and more.<\/p>",
          "link-text": ""
        }
      },
      "1620626665f401fe84": {
        "type": "featured-blog",
        "settings": {
          "background-color": "none",
          "blog-heading": "Blog posts",
          "tag-select": "pinned",
          "show-date": true,
          "show-excerpt": true,
          "view-more-text": "View more"
        }
      },
      "1620626685871fc992": {
        "type": "map",
        "settings": {
          "api-key": "",
          "map-address": "391 Sutter St, San Francisco",
          "background-color": "none",
          "theme": "grayscale",
          "heading": "Our store",
          "address": "<p>391 Sunrise Blvd,<br\/>Los Angeles<br\/>CA 94108, USA<\/p>",
          "hours": "<p>Monday - Friday<br\/>10am - 6pm<br\/><br\/>Saturday - Sunday<br\/>12pm - 5pm<\/p>"
        }
      },
      "1620626699934396bb": {
        "type": "featured-collection",
        "settings": {
          "collection": "",
          "background-color": "none",
          "featured-collection--image--show": false,
          "featured-collection--description--show": false,
          "display-type": "slider",
          "products-per-row--desktop": "3",
          "products-per-row--mobile": "1"
        }
      },
      "1620626720192887ce": {
        "type": "newsletter",
        "settings": {
          "background-color": "light",
          "heading": "Subscribe to our newsletter",
          "newsletter--subheading": "<p>A short sentence describing what someone will receive by subscribing<\/p>"
        }
      },
      "1620626889eaeb067c": {
        "type": "featured-collection",
        "settings": {
          "collection": "",
          "background-color": "none",
          "featured-collection--image--show": false,
          "featured-collection--description--show": false,
          "display-type": "grid",
          "products-per-row--desktop": "3",
          "products-per-row--mobile": "1"
        }
      },
      "collection--header": {
        "type": "collection--header",
        "settings": {
          "enable-header": true,
          "show-title": true,
          "title-alignment": "center",
          "show-description": true,
          "show-image": true,
          "use-image-fallback": true,
          "image-height": "medium",
          "alt-color": true,
          "apply-overlay": true
        }
      },
      "collection--navigation": {
        "type": "collection--navigation",
        "settings": {
          "show-browse-button": true,
          "show-sort-button": true,
          "show-refine-button": true,
          "show-layout-buttons": true,
          "show-collections-list": true,
          "show-sort-list": true,
          "show-refine-list": true,
          "show-search-link": true
        }
      },
      "collection--body": {
        "type": "collection--body",
        "blocks": {
          "13718f13-9b6f-4172-baba-54c57dd65be8": {
            "type": "promotion",
            "settings": {
              "row-number": 2,
              "column-number": 1,
              "promo-width": 2,
              "background-color": "light",
              "darken-image": true,
              "image-size": "fit-to-container",
              "overline": "Overline text",
              "title": "Grid promotion",
              "description": "<p>Create eye-catching promos within collection grids to increase discoverability and accelerate conversions.<\/p>",
              "link-text": "Optional link"
            }
          }
        },
        "block_order": [
          "13718f13-9b6f-4172-baba-54c57dd65be8"
        ],
        "settings": {
          "products-per-row--desktop": 4,
          "products-per-row--mobile": "1",
          "number-of-rows": 6
        }
      },
      "recent-products": {
        "type": "recent-products",
        "settings": {
          "heading": "Recently viewed"
        }
      },
      "header-comingsoon": {
        "type": "header-comingsoon",
        "settings": {
          "logo": "shopify:\/\/shop_images\/logo.png",
          "logo-position": "center",
          "logo-height": 70,
          "menu": "",
          "fix-enabled": false,
          "fixed-logo-height": 35,
          "account-icon": "text",
          "cart-icon": "text",
          "show-region-selector": false,
          "show-locale-selector": false,
          "blog-button-text": "Blog"
        }
      }
    },
    "content_for_index": [
      "1620626123773e4061",
      "1620626889eaeb067c",
      "162062620665c87507",
      "1620626699934396bb",
      "16206262299afb5b3e",
      "1620626568f9a23d1a",
      "1620626621ffef6b4f",
      "1620626665f401fe84",
      "162062617873abb5fa",
      "1620626685871fc992",
      "1620626720192887ce"
    ]
  },
  "presets": {
    "Essentials": {
      "color--accent": "#1f2934",
      "bg-color--body": "#ffffff",
      "color--body": "#111111",
      "color--alternative": "#ffffff",
      "color--button": "#ffffff",
      "bg-color--button": "#111111",
      "color--header": "#111111",
      "bg-color--footer": "#1f2934",
      "color--footer": "#ffffff",
      "typography--heading": "sans-serif",
      "typography--heading--uppercase": false,
      "typography--heading--size": "large",
      "typography--accent": "sans-serif",
      "typography--paragraph": "sans-serif",
      "typography--paragraph--size": "small",
      "sections": {
        "announcement": {
          "type": "announcement",
          "settings": {
            "enabled": true,
            "home-page-only": false,
            "background-color": "accent",
            "light-text": true
          }
        },
        "header": {
          "type": "header",
          "settings": {
            "logo-position": "center",
            "logo-height": 50,
            "fix-enabled": true,
            "fixed-logo-height": 20,
            "menu": "main-menu",
            "header-account-show": true,
            "account-icon": "text",
            "search-icon": "text",
            "cart-icon": "text",
            "show-region-selector": true,
            "show-locale-selector": true
          }
        },
        "footer": {
          "type": "footer",
          "blocks": {
            "b6a3fdf5-9398-416f-b689-db3bc40597e0": {
              "type": "about",
              "settings": {
                "about-title": "About the store",
                "text": "<p>[current_year] © Your brand name here.<br\/><br\/>A brief store summary, tagline, or vision statement.<\/p><p><\/p>",
                "subscribe--show-social-icons": true
              }
            },
            "e32c2919-5280-4489-935f-dc5071aecf12": {
              "type": "menu",
              "settings": {
                "menu-title": "Info",
                "menu": "footer"
              }
            },
            "71875b6d-1dad-4541-9984-699f9700b197": {
              "type": "menu",
              "settings": {
                "menu-title": "Quick links",
                "menu": "footer"
              }
            }
          },
          "block_order": [
            "b6a3fdf5-9398-416f-b689-db3bc40597e0",
            "e32c2919-5280-4489-935f-dc5071aecf12",
            "71875b6d-1dad-4541-9984-699f9700b197"
          ],
          "settings": {
            "show-region-selector": true,
            "show-locale-selector": true,
            "show-payment-icons": true
          }
        },
        "1620626123773e4061": {
          "type": "slideshow",
          "blocks": {
            "1620626123773e4061-0": {
              "type": "image",
              "settings": {
                "text-position": "bottom-left",
                "text-width": "medium",
                "overline": "Overline text",
                "title": "Slide heading",
                "description": "<p>Combine imagery with text to create stand-out campaign sections, eye-catching promotions, information blocks and more.<\/p>",
                "link-url": "\/",
                "link-text": "View more"
              }
            },
            "1620626123773e4061-1": {
              "type": "image",
              "settings": {
                "text-position": "bottom-left",
                "text-width": "medium",
                "overline": "Overline text",
                "title": "Slide heading",
                "description": "<p>Combine imagery with text to create stand-out campaign sections, eye-catching promotions, information blocks and more.<\/p>",
                "link-url": "\/",
                "link-text": "View more"
              }
            },
            "1620626123773e4061-2": {
              "type": "image",
              "settings": {
                "text-position": "bottom-left",
                "text-width": "medium",
                "overline": "Overline text",
                "title": "Slide heading",
                "description": "<p>Combine imagery with text to create stand-out campaign sections, eye-catching promotions, information blocks and more.<\/p>",
                "link-url": "\/",
                "link-text": "View more"
              }
            },
            "1620626123773e4061-3": {
              "type": "image",
              "settings": {
                "text-position": "bottom-left",
                "text-width": "medium",
                "overline": "Overline text",
                "title": "Slide heading",
                "description": "<p>Combine imagery with text to create stand-out campaign sections, eye-catching promotions, information blocks and more.<\/p>",
                "link-url": "\/",
                "link-text": "View more"
              }
            }
          },
          "block_order": [
            "1620626123773e4061-0",
            "1620626123773e4061-1",
            "1620626123773e4061-2",
            "1620626123773e4061-3"
          ],
          "settings": {
            "background-color": "light",
            "spacing-above": false,
            "spacing-below": false,
            "spacing-around-blocks": false,
            "image-height": 3,
            "darken-image": true,
            "blocks_per_slide": 2,
            "blocks_per_slide_mobile": "1",
            "box-around-text": false,
            "mobile-overlay": true,
            "auto-rotate": false,
            "rotate-frequency": 7,
            "transition_type": "slide"
          }
        },
        "162062617873abb5fa": {
          "type": "featured-text",
          "settings": {
            "background-color": "light",
            "overline": "Overline text",
            "heading": "Introduce your brand",
            "text": "<p>Introduce your brand, products and vision statement and welcome customers to your store.<\/p>"
          }
        },
        "162062620665c87507": {
          "type": "grid-with-overlay",
          "blocks": {
            "162062620665c87507-0": {
              "type": "image",
              "settings": {
                "wide": true,
                "tall": true,
                "retain-ratio": false,
                "link-text": "View more"
              }
            },
            "162062620665c87507-1": {
              "type": "image",
              "settings": {
                "wide": true,
                "tall": false,
                "retain-ratio": false,
                "link-text": "View more"
              }
            },
            "162062620665c87507-2": {
              "type": "image",
              "settings": {
                "wide": false,
                "tall": false,
                "retain-ratio": false,
                "link-text": "View more"
              }
            },
            "162062620665c87507-3": {
              "type": "image",
              "settings": {
                "wide": false,
                "tall": false,
                "retain-ratio": false,
                "link-text": "View more"
              }
            }
          },
          "block_order": [
            "162062620665c87507-0",
            "162062620665c87507-1",
            "162062620665c87507-2",
            "162062620665c87507-3"
          ],
          "settings": {
            "text-style": "light-with-overlay",
            "background-color": "light",
            "spacing": true,
            "mobile-overlay": true,
            "container-width": 4,
            "width": 4,
            "mobile-width": "2",
            "heading": "Grid with overlay",
            "subtitle": "",
            "link-text": ""
          }
        },
        "16206262299afb5b3e": {
          "type": "featured-video",
          "settings": {
            "video-url": "https:\/\/www.youtube.com\/watch?v=_9VUPq3SxOc",
            "full-width": true,
            "background-color": "none",
            "section-height": "regular",
            "darken-video": true,
            "heading": "Video",
            "sub-heading": "Add a subheading here",
            "button-text": "button"
          }
        },
        "1620626568f9a23d1a": {
          "type": "text-columns",
          "blocks": {
            "1620626568f9a23d1a-0": {
              "type": "image",
              "settings": {
                "title": "Grid image",
                "description": "<p>Explain a set of product features, add illustrations, infographics, logo lists, or link to pages.<\/p>",
                "link-text": "View more"
              }
            },
            "1620626568f9a23d1a-1": {
              "type": "image",
              "settings": {
                "title": "Grid image",
                "description": "<p>Explain a set of product features, add illustrations, infographics, logo lists, or link to pages.<\/p>",
                "link-text": "View more"
              }
            },
            "1620626568f9a23d1a-2": {
              "type": "image",
              "settings": {
                "title": "Grid image",
                "description": "<p>Explain a set of product features, add illustrations, infographics, logo lists, or link to pages.<\/p>",
                "link-text": "View more"
              }
            },
            "1620626568f9a23d1a-3": {
              "type": "image",
              "settings": {
                "title": "Grid image",
                "description": "<p>Explain a set of product features, add illustrations, infographics, logo lists, or link to pages.<\/p>",
                "link-text": "View more"
              }
            }
          },
          "block_order": [
            "1620626568f9a23d1a-0",
            "1620626568f9a23d1a-1",
            "1620626568f9a23d1a-2",
            "1620626568f9a23d1a-3"
          ],
          "settings": {
            "background-color": "light",
            "container-width": 4,
            "width": 4,
            "image-width": 0,
            "mobile-width": "2",
            "subtitle": "",
            "link-text": ""
          }
        },
        "1620626621ffef6b4f": {
          "type": "image-with-text",
          "settings": {
            "background-color": "light",
            "container-width": 6,
            "spacing-above": false,
            "spacing-below": false,
            "image-height": 3,
            "darken-image": true,
            "parallax-enabled": false,
            "text-position": "bottom-left",
            "text-width": "medium",
            "overlap": true,
            "box-around-text": false,
            "mobile-overlay": true,
            "overline": "Overline text",
            "title": "Image with Text",
            "description": "<p>Combine imagery with text to create stand-out campaign sections, eye-catching promotions, information blocks and more.<\/p>",
            "link-text": ""
          }
        },
        "1620626665f401fe84": {
          "type": "featured-blog",
          "settings": {
            "background-color": "none",
            "blog-heading": "Blog posts",
            "tag-select": "pinned",
            "show-date": true,
            "show-excerpt": true,
            "view-more-text": "View more"
          }
        },
        "1620626685871fc992": {
          "type": "map",
          "settings": {
            "api-key": "",
            "map-address": "391 Sutter St, San Francisco",
            "background-color": "none",
            "theme": "grayscale",
            "heading": "Our store",
            "address": "<p>391 Sunrise Blvd,<br\/>Los Angeles<br\/>CA 94108, USA<\/p>",
            "hours": "<p>Monday - Friday<br\/>10am - 6pm<br\/><br\/>Saturday - Sunday<br\/>12pm - 5pm<\/p>"
          }
        },
        "1620626699934396bb": {
          "type": "featured-collection",
          "settings": {
            "collection": "",
            "background-color": "none",
            "featured-collection--image--show": false,
            "featured-collection--description--show": false,
            "display-type": "slider",
            "products-per-row--desktop": "3",
            "products-per-row--mobile": "1"
          }
        },
        "1620626720192887ce": {
          "type": "newsletter",
          "settings": {
            "background-color": "light",
            "heading": "Subscribe to our newsletter",
            "newsletter--subheading": "<p>A short sentence describing what someone will receive by subscribing<\/p>"
          }
        },
        "1620626889eaeb067c": {
          "type": "featured-collection",
          "settings": {
            "collection": "",
            "background-color": "none",
            "featured-collection--image--show": false,
            "featured-collection--description--show": false,
            "display-type": "grid",
            "products-per-row--desktop": "3",
            "products-per-row--mobile": "1"
          }
        },
        "collection--header": {
          "type": "collection--header",
          "settings": {
            "enable-header": true,
            "show-title": true,
            "title-alignment": "center",
            "show-description": true,
            "show-image": true,
            "use-image-fallback": true,
            "image-height": "medium",
            "alt-color": true,
            "apply-overlay": true
          }
        },
        "collection--navigation": {
          "type": "collection--navigation",
          "settings": {
            "show-browse-button": true,
            "show-sort-button": true,
            "show-refine-button": true,
            "show-layout-buttons": true,
            "show-collections-list": true,
            "show-sort-list": true,
            "show-refine-list": true,
            "show-search-link": true
          }
        },
        "collection--body": {
          "type": "collection--body",
          "blocks": {
            "13718f13-9b6f-4172-baba-54c57dd65be8": {
              "type": "promotion",
              "settings": {
                "row-number": 2,
                "column-number": 1,
                "promo-width": 2,
                "background-color": "light",
                "darken-image": true,
                "image-size": "fit-to-container",
                "overline": "Overline text",
                "title": "Grid promotion",
                "description": "<p>Create eye-catching promos within collection grids to increase discoverability and accelerate conversions.<\/p>",
                "link-text": "Optional link"
              }
            }
          },
          "block_order": [
            "13718f13-9b6f-4172-baba-54c57dd65be8"
          ],
          "settings": {
            "products-per-row--desktop": 4,
            "products-per-row--mobile": "1",
            "number-of-rows": 6
          }
        },
        "recent-products": {
          "type": "recent-products",
          "settings": {
            "heading": "Recently viewed"
          }
        }
      },
      "content_for_index": [
        "1620626123773e4061",
        "1620626889eaeb067c",
        "162062620665c87507",
        "1620626699934396bb",
        "16206262299afb5b3e",
        "1620626568f9a23d1a",
        "1620626621ffef6b4f",
        "1620626665f401fe84",
        "162062617873abb5fa",
        "1620626685871fc992",
        "1620626720192887ce"
      ]
    },
    "Organic": {
      "color--accent": "#b7baa7",
      "bg-color--body": "#ffffff",
      "color--body": "#212121",
      "color--alternative": "#ffffff",
      "bg-color--panel": "#ffffff",
      "color--button": "#ffffff",
      "bg-color--button": "#212121",
      "bg-color--footer": "#f8f5ed",
      "color--footer": "#212121",
      "typography--heading": "archivo_narrow_n4",
      "typography--heading--uppercase": true,
      "typography--heading--size": "x-large",
      "typography--accent": "sans-serif",
      "typography--paragraph": "inconsolata_n4",
      "typography--paragraph--size": "medium",
      "sections": {
        "announcement": {
          "type": "announcement",
          "settings": {
            "enabled": true,
            "home-page-only": false,
            "background-color": "accent",
            "light-text": false
          }
        },
        "header": {
          "type": "header",
          "settings": {
            "logo-position": "center",
            "logo-height": 50,
            "fix-enabled": true,
            "fixed-logo-height": 20,
            "menu": "main-menu",
            "header-account-show": true,
            "account-icon": "text",
            "search-icon": "text",
            "cart-icon": "text",
            "show-region-selector": true,
            "show-locale-selector": true
          }
        },
        "footer": {
          "type": "footer",
          "blocks": {
            "b6a3fdf5-9398-416f-b689-db3bc40597e0": {
              "type": "about",
              "settings": {
                "about-title": "About the store",
                "text": "<p>[current_year] © Your brand name here.<br\/><br\/>A brief store summary, tagline, or vision statement.<\/p><p><\/p>",
                "subscribe--show-social-icons": true
              }
            },
            "e32c2919-5280-4489-935f-dc5071aecf12": {
              "type": "menu",
              "settings": {
                "menu-title": "Info",
                "menu": "footer"
              }
            },
            "71875b6d-1dad-4541-9984-699f9700b197": {
              "type": "menu",
              "settings": {
                "menu-title": "Quick links",
                "menu": "footer"
              }
            }
          },
          "block_order": [
            "b6a3fdf5-9398-416f-b689-db3bc40597e0",
            "e32c2919-5280-4489-935f-dc5071aecf12",
            "71875b6d-1dad-4541-9984-699f9700b197"
          ],
          "settings": {
            "show-region-selector": true,
            "show-locale-selector": true,
            "show-payment-icons": true
          }
        },
        "1620626123773e4061": {
          "type": "slideshow",
          "blocks": {
            "1620626123773e4061-0": {
              "type": "image",
              "settings": {
                "text-position": "bottom-left",
                "text-width": "medium",
                "overline": "Overline text",
                "title": "Slide heading",
                "description": "<p>Combine imagery with text to create stand-out campaign sections, eye-catching promotions, information blocks and more.<\/p>",
                "link-url": "\/",
                "link-text": "View more"
              }
            },
            "1620626123773e4061-1": {
              "type": "image",
              "settings": {
                "text-position": "bottom-left",
                "text-width": "medium",
                "overline": "Overline text",
                "title": "Slide heading",
                "description": "<p>Combine imagery with text to create stand-out campaign sections, eye-catching promotions, information blocks and more.<\/p>",
                "link-url": "\/",
                "link-text": "View more"
              }
            },
            "1620626123773e4061-2": {
              "type": "image",
              "settings": {
                "text-position": "bottom-left",
                "text-width": "medium",
                "overline": "Overline text",
                "title": "Slide heading",
                "description": "<p>Combine imagery with text to create stand-out campaign sections, eye-catching promotions, information blocks and more.<\/p>",
                "link-url": "\/",
                "link-text": "View more"
              }
            },
            "1620626123773e4061-3": {
              "type": "image",
              "settings": {
                "text-position": "bottom-left",
                "text-width": "medium",
                "overline": "Overline text",
                "title": "Slide heading",
                "description": "<p>Combine imagery with text to create stand-out campaign sections, eye-catching promotions, information blocks and more.<\/p>",
                "link-url": "\/",
                "link-text": "View more"
              }
            }
          },
          "block_order": [
            "1620626123773e4061-0",
            "1620626123773e4061-1",
            "1620626123773e4061-2",
            "1620626123773e4061-3"
          ],
          "settings": {
            "background-color": "light",
            "spacing-above": false,
            "spacing-below": false,
            "spacing-around-blocks": false,
            "image-height": 3,
            "darken-image": true,
            "blocks_per_slide": 2,
            "blocks_per_slide_mobile": "1",
            "box-around-text": false,
            "mobile-overlay": true,
            "auto-rotate": false,
            "rotate-frequency": 7,
            "transition_type": "slide"
          }
        },
        "162062617873abb5fa": {
          "type": "featured-text",
          "settings": {
            "background-color": "light",
            "overline": "Overline text",
            "heading": "Introduce your brand",
            "text": "<p>Introduce your brand, products and vision statement and welcome customers to your store.<\/p>"
          }
        },
        "162062620665c87507": {
          "type": "grid-with-overlay",
          "blocks": {
            "162062620665c87507-0": {
              "type": "image",
              "settings": {
                "wide": true,
                "tall": true,
                "retain-ratio": false,
                "link-text": "View more"
              }
            },
            "162062620665c87507-1": {
              "type": "image",
              "settings": {
                "wide": true,
                "tall": false,
                "retain-ratio": false,
                "link-text": "View more"
              }
            },
            "162062620665c87507-2": {
              "type": "image",
              "settings": {
                "wide": false,
                "tall": false,
                "retain-ratio": false,
                "link-text": "View more"
              }
            },
            "162062620665c87507-3": {
              "type": "image",
              "settings": {
                "wide": false,
                "tall": false,
                "retain-ratio": false,
                "link-text": "View more"
              }
            }
          },
          "block_order": [
            "162062620665c87507-0",
            "162062620665c87507-1",
            "162062620665c87507-2",
            "162062620665c87507-3"
          ],
          "settings": {
            "text-style": "light-with-overlay",
            "background-color": "light",
            "spacing": true,
            "mobile-overlay": true,
            "container-width": 4,
            "width": 4,
            "mobile-width": "2",
            "heading": "Grid with overlay",
            "subtitle": "",
            "link-text": ""
          }
        },
        "16206262299afb5b3e": {
          "type": "featured-video",
          "settings": {
            "video-url": "https:\/\/www.youtube.com\/watch?v=_9VUPq3SxOc",
            "full-width": true,
            "background-color": "none",
            "section-height": "regular",
            "darken-video": true,
            "heading": "Video",
            "sub-heading": "Add a subheading here",
            "button-text": "button"
          }
        },
        "1620626568f9a23d1a": {
          "type": "text-columns",
          "blocks": {
            "1620626568f9a23d1a-0": {
              "type": "image",
              "settings": {
                "title": "Grid image",
                "description": "<p>Explain a set of product features, add illustrations, infographics, logo lists, or link to pages.<\/p>",
                "link-text": "View more"
              }
            },
            "1620626568f9a23d1a-1": {
              "type": "image",
              "settings": {
                "title": "Grid image",
                "description": "<p>Explain a set of product features, add illustrations, infographics, logo lists, or link to pages.<\/p>",
                "link-text": "View more"
              }
            },
            "1620626568f9a23d1a-2": {
              "type": "image",
              "settings": {
                "title": "Grid image",
                "description": "<p>Explain a set of product features, add illustrations, infographics, logo lists, or link to pages.<\/p>",
                "link-text": "View more"
              }
            },
            "1620626568f9a23d1a-3": {
              "type": "image",
              "settings": {
                "title": "Grid image",
                "description": "<p>Explain a set of product features, add illustrations, infographics, logo lists, or link to pages.<\/p>",
                "link-text": "View more"
              }
            }
          },
          "block_order": [
            "1620626568f9a23d1a-0",
            "1620626568f9a23d1a-1",
            "1620626568f9a23d1a-2",
            "1620626568f9a23d1a-3"
          ],
          "settings": {
            "background-color": "light",
            "container-width": 4,
            "width": 4,
            "image-width": 0,
            "mobile-width": "2",
            "subtitle": "",
            "link-text": ""
          }
        },
        "1620626621ffef6b4f": {
          "type": "image-with-text",
          "settings": {
            "background-color": "light",
            "container-width": 6,
            "spacing-above": false,
            "spacing-below": false,
            "image-height": 3,
            "darken-image": true,
            "parallax-enabled": false,
            "text-position": "bottom-left",
            "text-width": "medium",
            "overlap": true,
            "box-around-text": false,
            "mobile-overlay": true,
            "overline": "Overline text",
            "title": "Image with Text",
            "description": "<p>Combine imagery with text to create stand-out campaign sections, eye-catching promotions, information blocks and more.<\/p>",
            "link-text": ""
          }
        },
        "1620626665f401fe84": {
          "type": "featured-blog",
          "settings": {
            "background-color": "none",
            "blog-heading": "Blog posts",
            "tag-select": "pinned",
            "show-date": true,
            "show-excerpt": true,
            "view-more-text": "View more"
          }
        },
        "1620626685871fc992": {
          "type": "map",
          "settings": {
            "api-key": "",
            "map-address": "391 Sutter St, San Francisco",
            "background-color": "none",
            "theme": "grayscale",
            "heading": "Our store",
            "address": "<p>391 Sunrise Blvd,<br\/>Los Angeles<br\/>CA 94108, USA<\/p>",
            "hours": "<p>Monday - Friday<br\/>10am - 6pm<br\/><br\/>Saturday - Sunday<br\/>12pm - 5pm<\/p>"
          }
        },
        "1620626699934396bb": {
          "type": "featured-collection",
          "settings": {
            "collection": "",
            "background-color": "none",
            "featured-collection--image--show": false,
            "featured-collection--description--show": false,
            "display-type": "slider",
            "products-per-row--desktop": "3",
            "products-per-row--mobile": "1"
          }
        },
        "1620626720192887ce": {
          "type": "newsletter",
          "settings": {
            "background-color": "light",
            "heading": "Subscribe to our newsletter",
            "newsletter--subheading": "<p>A short sentence describing what someone will receive by subscribing<\/p>"
          }
        },
        "1620626889eaeb067c": {
          "type": "featured-collection",
          "settings": {
            "collection": "",
            "background-color": "none",
            "featured-collection--image--show": false,
            "featured-collection--description--show": false,
            "display-type": "grid",
            "products-per-row--desktop": "3",
            "products-per-row--mobile": "1"
          }
        },
        "collection--header": {
          "type": "collection--header",
          "settings": {
            "enable-header": true,
            "show-title": true,
            "title-alignment": "center",
            "show-description": true,
            "show-image": true,
            "use-image-fallback": true,
            "image-height": "medium",
            "alt-color": true,
            "apply-overlay": true
          }
        },
        "collection--navigation": {
          "type": "collection--navigation",
          "settings": {
            "show-browse-button": true,
            "show-sort-button": true,
            "show-refine-button": true,
            "show-layout-buttons": true,
            "show-collections-list": true,
            "show-sort-list": true,
            "show-refine-list": true,
            "show-search-link": true
          }
        },
        "collection--body": {
          "type": "collection--body",
          "blocks": {
            "13718f13-9b6f-4172-baba-54c57dd65be8": {
              "type": "promotion",
              "settings": {
                "row-number": 2,
                "column-number": 1,
                "promo-width": 2,
                "background-color": "light",
                "darken-image": true,
                "image-size": "fit-to-container",
                "overline": "Overline text",
                "title": "Grid promotion",
                "description": "<p>Create eye-catching promos within collection grids to increase discoverability and accelerate conversions.<\/p>",
                "link-text": "Optional link"
              }
            }
          },
          "block_order": [
            "13718f13-9b6f-4172-baba-54c57dd65be8"
          ],
          "settings": {
            "products-per-row--desktop": 4,
            "products-per-row--mobile": "1",
            "number-of-rows": 6
          }
        },
        "recent-products": {
          "type": "recent-products",
          "settings": {
            "heading": "Recently viewed"
          }
        }
      },
      "content_for_index": [
        "1620626123773e4061",
        "1620626889eaeb067c",
        "162062620665c87507",
        "1620626699934396bb",
        "16206262299afb5b3e",
        "1620626568f9a23d1a",
        "1620626621ffef6b4f",
        "1620626665f401fe84",
        "162062617873abb5fa",
        "1620626685871fc992",
        "1620626720192887ce"
      ]
    },
    "Eco": {
      "color--accent": "#f9e9d2",
      "bg-color--body": "#ffffff",
      "color--body": "#222222",
      "color--alternative": "#ffffff",
      "bg-color--panel": "#f9e9d2",
      "color--button": "#ffffff",
      "bg-color--button": "#222222",
      "color--header": "#222222",
      "bg-color--footer": "#f9e9d2",
      "color--footer": "#212121",
      "typography--heading": "libre_baskerville_n4",
      "typography--heading--uppercase": false,
      "typography--heading--size": "large",
      "typography--accent": "ibm_plex_sans_n4",
      "typography--paragraph": "ibm_plex_sans_n4",
      "typography--paragraph--size": "medium",
      "sections": {
        "announcement": {
          "type": "announcement",
          "settings": {
            "enabled": true,
            "home-page-only": false,
            "background-color": "accent",
            "light-text": false
          }
        },
        "header": {
          "type": "header",
          "settings": {
            "logo-position": "center",
            "logo-height": 50,
            "fix-enabled": true,
            "fixed-logo-height": 20,
            "menu": "main-menu",
            "header-account-show": true,
            "account-icon": "text",
            "search-icon": "text",
            "cart-icon": "text",
            "show-region-selector": true,
            "show-locale-selector": true
          }
        },
        "footer": {
          "type": "footer",
          "blocks": {
            "b6a3fdf5-9398-416f-b689-db3bc40597e0": {
              "type": "about",
              "settings": {
                "about-title": "About the store",
                "text": "<p>[current_year] © Your brand name here.<br\/><br\/>A brief store summary, tagline, or vision statement.<\/p><p><\/p>",
                "subscribe--show-social-icons": true
              }
            },
            "e32c2919-5280-4489-935f-dc5071aecf12": {
              "type": "menu",
              "settings": {
                "menu-title": "Info",
                "menu": "footer"
              }
            },
            "71875b6d-1dad-4541-9984-699f9700b197": {
              "type": "menu",
              "settings": {
                "menu-title": "Quick links",
                "menu": "footer"
              }
            }
          },
          "block_order": [
            "b6a3fdf5-9398-416f-b689-db3bc40597e0",
            "e32c2919-5280-4489-935f-dc5071aecf12",
            "71875b6d-1dad-4541-9984-699f9700b197"
          ],
          "settings": {
            "show-region-selector": true,
            "show-locale-selector": true,
            "show-payment-icons": true
          }
        },
        "1620626123773e4061": {
          "type": "slideshow",
          "blocks": {
            "1620626123773e4061-0": {
              "type": "image",
              "settings": {
                "text-position": "bottom-left",
                "text-width": "medium",
                "overline": "Overline text",
                "title": "Slide heading",
                "description": "<p>Combine imagery with text to create stand-out campaign sections, eye-catching promotions, information blocks and more.<\/p>",
                "link-url": "\/",
                "link-text": "View more"
              }
            },
            "1620626123773e4061-1": {
              "type": "image",
              "settings": {
                "text-position": "bottom-left",
                "text-width": "medium",
                "overline": "Overline text",
                "title": "Slide heading",
                "description": "<p>Combine imagery with text to create stand-out campaign sections, eye-catching promotions, information blocks and more.<\/p>",
                "link-url": "\/",
                "link-text": "View more"
              }
            },
            "1620626123773e4061-2": {
              "type": "image",
              "settings": {
                "text-position": "bottom-left",
                "text-width": "medium",
                "overline": "Overline text",
                "title": "Slide heading",
                "description": "<p>Combine imagery with text to create stand-out campaign sections, eye-catching promotions, information blocks and more.<\/p>",
                "link-url": "\/",
                "link-text": "View more"
              }
            },
            "1620626123773e4061-3": {
              "type": "image",
              "settings": {
                "text-position": "bottom-left",
                "text-width": "medium",
                "overline": "Overline text",
                "title": "Slide heading",
                "description": "<p>Combine imagery with text to create stand-out campaign sections, eye-catching promotions, information blocks and more.<\/p>",
                "link-url": "\/",
                "link-text": "View more"
              }
            }
          },
          "block_order": [
            "1620626123773e4061-0",
            "1620626123773e4061-1",
            "1620626123773e4061-2",
            "1620626123773e4061-3"
          ],
          "settings": {
            "background-color": "light",
            "spacing-above": false,
            "spacing-below": false,
            "spacing-around-blocks": false,
            "image-height": 3,
            "darken-image": true,
            "blocks_per_slide": 2,
            "blocks_per_slide_mobile": "1",
            "box-around-text": false,
            "mobile-overlay": true,
            "auto-rotate": false,
            "rotate-frequency": 7,
            "transition_type": "slide"
          }
        },
        "162062617873abb5fa": {
          "type": "featured-text",
          "settings": {
            "background-color": "light",
            "overline": "Overline text",
            "heading": "Introduce your brand",
            "text": "<p>Introduce your brand, products and vision statement and welcome customers to your store.<\/p>"
          }
        },
        "162062620665c87507": {
          "type": "grid-with-overlay",
          "blocks": {
            "162062620665c87507-0": {
              "type": "image",
              "settings": {
                "wide": true,
                "tall": true,
                "retain-ratio": false,
                "link-text": "View more"
              }
            },
            "162062620665c87507-1": {
              "type": "image",
              "settings": {
                "wide": true,
                "tall": false,
                "retain-ratio": false,
                "link-text": "View more"
              }
            },
            "162062620665c87507-2": {
              "type": "image",
              "settings": {
                "wide": false,
                "tall": false,
                "retain-ratio": false,
                "link-text": "View more"
              }
            },
            "162062620665c87507-3": {
              "type": "image",
              "settings": {
                "wide": false,
                "tall": false,
                "retain-ratio": false,
                "link-text": "View more"
              }
            }
          },
          "block_order": [
            "162062620665c87507-0",
            "162062620665c87507-1",
            "162062620665c87507-2",
            "162062620665c87507-3"
          ],
          "settings": {
            "text-style": "light-with-overlay",
            "background-color": "light",
            "spacing": true,
            "mobile-overlay": true,
            "container-width": 4,
            "width": 4,
            "mobile-width": "2",
            "heading": "Grid with overlay",
            "subtitle": "",
            "link-text": ""
          }
        },
        "16206262299afb5b3e": {
          "type": "featured-video",
          "settings": {
            "video-url": "https:\/\/www.youtube.com\/watch?v=_9VUPq3SxOc",
            "full-width": true,
            "background-color": "none",
            "section-height": "regular",
            "darken-video": true,
            "heading": "Video",
            "sub-heading": "Add a subheading here",
            "button-text": "button"
          }
        },
        "1620626568f9a23d1a": {
          "type": "text-columns",
          "blocks": {
            "1620626568f9a23d1a-0": {
              "type": "image",
              "settings": {
                "title": "Grid image",
                "description": "<p>Explain a set of product features, add illustrations, infographics, logo lists, or link to pages.<\/p>",
                "link-text": "View more"
              }
            },
            "1620626568f9a23d1a-1": {
              "type": "image",
              "settings": {
                "title": "Grid image",
                "description": "<p>Explain a set of product features, add illustrations, infographics, logo lists, or link to pages.<\/p>",
                "link-text": "View more"
              }
            },
            "1620626568f9a23d1a-2": {
              "type": "image",
              "settings": {
                "title": "Grid image",
                "description": "<p>Explain a set of product features, add illustrations, infographics, logo lists, or link to pages.<\/p>",
                "link-text": "View more"
              }
            },
            "1620626568f9a23d1a-3": {
              "type": "image",
              "settings": {
                "title": "Grid image",
                "description": "<p>Explain a set of product features, add illustrations, infographics, logo lists, or link to pages.<\/p>",
                "link-text": "View more"
              }
            }
          },
          "block_order": [
            "1620626568f9a23d1a-0",
            "1620626568f9a23d1a-1",
            "1620626568f9a23d1a-2",
            "1620626568f9a23d1a-3"
          ],
          "settings": {
            "background-color": "light",
            "container-width": 4,
            "width": 4,
            "image-width": 0,
            "mobile-width": "2",
            "subtitle": "",
            "link-text": ""
          }
        },
        "1620626621ffef6b4f": {
          "type": "image-with-text",
          "settings": {
            "background-color": "light",
            "container-width": 6,
            "spacing-above": false,
            "spacing-below": false,
            "image-height": 3,
            "darken-image": true,
            "parallax-enabled": false,
            "text-position": "bottom-left",
            "text-width": "medium",
            "overlap": true,
            "box-around-text": false,
            "mobile-overlay": true,
            "overline": "Overline text",
            "title": "Image with Text",
            "description": "<p>Combine imagery with text to create stand-out campaign sections, eye-catching promotions, information blocks and more.<\/p>",
            "link-text": ""
          }
        },
        "1620626665f401fe84": {
          "type": "featured-blog",
          "settings": {
            "background-color": "none",
            "blog-heading": "Blog posts",
            "tag-select": "pinned",
            "show-date": true,
            "show-excerpt": true,
            "view-more-text": "View more"
          }
        },
        "1620626685871fc992": {
          "type": "map",
          "settings": {
            "api-key": "",
            "map-address": "391 Sunrise Blvd, Los Angeles",
            "background-color": "none",
            "theme": "grayscale",
            "heading": "Our store",
            "address": "<p>391 Sunrise Blvd,<br\/>Los Angeles<br\/>CA 94108, USA<\/p>",
            "hours": "<p>Monday - Friday<br\/>10am - 6pm<br\/><br\/>Saturday - Sunday<br\/>12pm - 5pm<\/p>"
          }
        },
        "1620626699934396bb": {
          "type": "featured-collection",
          "settings": {
            "collection": "",
            "background-color": "none",
            "featured-collection--image--show": false,
            "featured-collection--description--show": false,
            "display-type": "slider",
            "products-per-row--desktop": "3",
            "products-per-row--mobile": "1"
          }
        },
        "1620626720192887ce": {
          "type": "newsletter",
          "settings": {
            "background-color": "light",
            "heading": "Subscribe to our newsletter",
            "newsletter--subheading": "<p>A short sentence describing what someone will receive by subscribing<\/p>"
          }
        },
        "1620626889eaeb067c": {
          "type": "featured-collection",
          "settings": {
            "collection": "",
            "background-color": "none",
            "featured-collection--image--show": false,
            "featured-collection--description--show": false,
            "display-type": "grid",
            "products-per-row--desktop": "3",
            "products-per-row--mobile": "1"
          }
        },
        "collection--header": {
          "type": "collection--header",
          "settings": {
            "enable-header": true,
            "show-title": true,
            "title-alignment": "center",
            "show-description": true,
            "show-image": true,
            "use-image-fallback": true,
            "image-height": "medium",
            "alt-color": true,
            "apply-overlay": true
          }
        },
        "collection--navigation": {
          "type": "collection--navigation",
          "settings": {
            "show-browse-button": true,
            "show-sort-button": true,
            "show-refine-button": true,
            "show-layout-buttons": true,
            "show-collections-list": true,
            "show-sort-list": true,
            "show-refine-list": true,
            "show-search-link": true
          }
        },
        "collection--body": {
          "type": "collection--body",
          "blocks": {
            "13718f13-9b6f-4172-baba-54c57dd65be8": {
              "type": "promotion",
              "settings": {
                "row-number": 2,
                "column-number": 1,
                "promo-width": 2,
                "background-color": "light",
                "darken-image": true,
                "image-size": "fit-to-container",
                "overline": "Overline text",
                "title": "Grid promotion",
                "description": "<p>Create eye-catching promos within collection grids to increase discoverability and accelerate conversions.<\/p>",
                "link-text": "Optional link"
              }
            }
          },
          "block_order": [
            "13718f13-9b6f-4172-baba-54c57dd65be8"
          ],
          "settings": {
            "products-per-row--desktop": 4,
            "products-per-row--mobile": "1",
            "number-of-rows": 6
          }
        },
        "recent-products": {
          "type": "recent-products",
          "settings": {
            "heading": "Recently viewed"
          }
        }
      },
      "content_for_index": [
        "1620626123773e4061",
        "1620626889eaeb067c",
        "162062620665c87507",
        "1620626699934396bb",
        "16206262299afb5b3e",
        "1620626568f9a23d1a",
        "1620626621ffef6b4f",
        "1620626665f401fe84",
        "162062617873abb5fa",
        "1620626685871fc992",
        "1620626720192887ce"
      ]
    }
  }
}