[
  {
    "name": "theme_info",
    "theme_name": "Beyond",
    "theme_author": "Troop Themes",
    "theme_version": "2.5.0",
    "theme_documentation_url": "https:\/\/support.troopthemes.com\/guide\/getting-started\/",
    "theme_support_url": "http:\/\/support.troopthemes.com\/"
  },
  {
    "name": "Colors",
    "settings": [
      {
        "type": "header",
        "content": "General"
      },
      {
        "id": "color--accent",
        "label": "Accent",
        "type": "color",
        "default": "#fff4cc"
      },
      {
        "id": "bg-color--light",
        "label": "Light background",
        "type": "color",
        "default": "#f7f7f7"
      },
      {
        "id": "bg-color--dark",
        "label": "Dark background",
        "type": "color",
        "default": "#222222"
      },
      {
        "type": "color",
        "id": "bg-color--body",
        "label": "Page background"
      },
      {
        "type": "color",
        "id": "color--body",
        "label": "Text"
      },
      {
        "type": "color",
        "id": "color--alternative",
        "label": "Light text",
        "default": "#ffffff",
        "info": "Commonly used for text over images"
      },
      {
        "type": "color",
        "id": "color--button",
        "label": "Button text"
      },
      {
        "type": "color",
        "id": "bg-color--button",
        "label": "Button background"
      },
      {
        "type": "header",
        "content": "Header"
      },
      {
        "label": "Background",
        "type": "color",
        "id": "bg-color--header",
        "default": "#ffffff"
      },
      {
        "label": "Text",
        "type": "color",
        "id": "color--header",
        "default": "#333333"
      },
      {
        "type": "header",
        "content": "Footer"
      },
      {
        "label": "Background",
        "type": "color",
        "id": "bg-color--footer",
        "default": "#bbbbbb"
      },
      {
        "label": "Text",
        "type": "color",
        "id": "color--footer",
        "default": "#333333"
      }
    ]
  },
  {
    "name": "Typography",
    "settings": [
      {
        "type": "header",
        "content": "Headings"
      },
      {
        "id": "typography--heading",
        "label": "Font",
        "type": "font_picker",
        "default": "karla_n7"
      },
      {
        "id": "typography--heading--uppercase",
        "label": "Uppercase",
        "type": "checkbox",
        "default": false
      },
      {
        "id": "typography--heading--size",
        "label": "Size",
        "type": "select",
        "options": [
          {
            "label": "Extra Large",
            "value": "x-large"
          },
          {
            "label": "Large",
            "value": "large"
          },
          {
            "label": "Medium",
            "value": "medium"
          },
          {
            "label": "Small",
            "value": "small"
          }
        ],
        "default": "medium"
      },
      {
        "type": "header",
        "content": "Navigation and buttons"
      },
      {
        "id": "typography--accent",
        "label": "Font",
        "type": "font_picker",
        "default": "roboto_n4"
      },
      {
        "type": "header",
        "content": "Paragraphs"
      },
      {
        "id": "typography--paragraph",
        "label": "Font",
        "type": "font_picker",
        "default": "roboto_n4"
      },
      {
        "id": "typography--paragraph--size",
        "label": "Size",
        "type": "select",
        "options": [
          {
            "label": "Large",
            "value": "large"
          },
          {
            "label": "Medium",
            "value": "medium"
          },
          {
            "label": "Small",
            "value": "small"
          }
        ],
        "default": "medium"
      }
    ]
  },
  {
    "name": "Product grid",
    "settings": [
      {
        "type": "checkbox",
        "id": "product--hover-image-enabled",
        "label": "Enable hover image",
        "default": false,
        "info": "This will use its second image. You can reorder images in the product's admin page."
      },
      {
        "type": "checkbox",
        "id": "product--show-vendor",
        "label": "Show vendor name",
        "default": false,
        "info": "e.g. Shopify, Apple"
      },
      {
        "type": "checkbox",
        "id": "product--show-rating",
        "label": "Show product rating",
        "default": false,
        "info": "To display a rating, add a product rating app. [Learn more](https:\/\/help.shopify.com\/en\/manual\/products\/product-reviews)"
      },
      {
        "type": "checkbox",
        "id": "product--swatches-enabled",
        "label": "Enable color swatches",
        "default": false,
        "info": "Display color swatches when available. [Learn more](https:\/\/support.troopthemes.com\/guide\/color-swatch-guide)"
      },
      {
        "id": "product--text-alignment",
        "label": "Text alignment",
        "type": "select",
        "options": [
          {
            "label": "Left",
            "value": "left"
          },
          {
            "label": "Center",
            "value": "center"
          }
        ],
        "default": "left"
      },
      {
        "type": "header",
        "content": "Product labels",
        "info": "New, sale, out of stock, featured tags"
      },
      {
        "id": "product--label-shape",
        "label": "Label shape",
        "type": "select",
        "options": [
          {
            "label": "Square",
            "value": "square"
          },
          {
            "label": "Round",
            "value": "round"
          }
        ],
        "default": "round"
      },
      {
        "id": "product--label-color",
        "label": "Label color",
        "type": "select",
        "options": [
          {
            "label": "Light",
            "value": "light"
          },
          {
            "label": "Dark",
            "value": "dark"
          },
          {
            "label": "Accent with dark text",
            "value": "accent-dark-text"
          },
          {
            "label": "Accent with light text",
            "value": "accent-light-text"
          }
        ],
        "default": "light"
      },
      {
        "id": "product--show-sale-label",
        "label": "Sale label",
        "type": "select",
        "options": [
          {
            "label": "Don't show",
            "value": "false"
          },
          {
            "label": "Show text",
            "value": "show-text"
          },
          {
            "label": "Show percent off",
            "value": "show-percent"
          }
        ],
        "default": "show-text"
      },
      {
        "type": "checkbox",
        "id": "product--show-new-label",
        "label": "Show new label",
        "default": true
      },
      {
        "label": "New label period",
        "id": "product--new-label-period",
        "type": "range",
        "min": 1,
        "max": 90,
        "step": 1,
        "default": 90,
        "info": "Number of days shown"
      },
      {
        "id": "product--featured-tags",
        "label": "Featured tags",
        "type": "textarea",
        "placeholder": "Limited edition, Sustainable, Organic",
        "default": "Limited edition, Sustainable, Organic",
        "info": "[Learn more](https:\/\/support.troopthemes.com\/guide\/configuring-product-labels\/)"
      },
      {
        "type": "header",
        "content": "Quick add"
      },
      {
        "type": "checkbox",
        "id": "product--quick-add-enabled",
        "label": "Show quick add buttons",
        "default": true
      },
      {
        "type": "select",
        "id": "product--variant-style",
        "label": "Product variant style",
        "options": [
          {
            "label": "Dropdowns",
            "value": "dropdowns"
          },
          {
            "label": "Buttons",
            "value": "buttons"
          }
        ],
        "default": "dropdowns"
      },
      {
        "type": "checkbox",
        "id": "product--show-quantity",
        "label": "Show quantity selector",
        "default": false
      },
      {
        "type": "checkbox",
        "id": "product--smart-payment-button",
        "label": "Show dynamic checkout button",
        "info": "Lets customers check out directly using a familiar payment method. [Learn more](https:\/\/help.shopify.com\/manual\/using-themes\/change-the-layout\/dynamic-checkout)",
        "default": true
      }
    ]
  },
  {
    "name": "Search",
    "settings": [
      {
        "type": "checkbox",
        "id": "search--show-in-header",
        "label": "Show in header and mobile menu",
        "default": true
      },
      {
        "type": "header",
        "content": "Type of results"
      },
      {
        "type": "paragraph",
        "content": "In addition to products"
      },
      {
        "type": "checkbox",
        "id": "search--show-articles",
        "label": "Show blog articles",
        "default": true
      },
      {
        "type": "checkbox",
        "id": "search--show-collections",
        "label": "Show collections",
        "default": true
      },
      {
        "type": "checkbox",
        "id": "search--show-pages",
        "label": "Show pages",
        "default": true
      }
    ]
  },
  {
    "name": "Social media",
    "settings": [
      {
        "type": "text",
        "id": "social--instagram--url",
        "label": "Instagram",
        "info": "https:\/\/instagram.com\/shopify"
      },
      {
        "type": "text",
        "id": "social--facebook--url",
        "label": "Facebook",
        "info": "https:\/\/www.facebook.com\/shopify"
      },
      {
        "type": "text",
        "id": "social--youtube--url",
        "label": "Youtube",
        "info": "https:\/\/www.youtube.com\/user\/shopify"
      },
      {
        "type": "text",
        "id": "social--vimeo--url",
        "label": "Vimeo",
        "info": "https:\/\/vimeo.com\/shopify"
      },
      {
        "type": "text",
        "id": "social--pinterest--url",
        "label": "Pinterest",
        "info": "https:\/\/www.pinterest.com\/shopify"
      },
      {
        "type": "text",
        "id": "social--twitter--url",
        "label": "Twitter",
        "info": "https:\/\/twitter.com\/shopify"
      },
      {
        "type": "text",
        "id": "social--tiktok--url",
        "label": "TikTok",
        "info": "https:\/\/tiktok.com\/@shopify"
      }
    ]
  },
  {
    "name": "Popup",
    "settings": [
      {
        "type": "checkbox",
        "id": "popup--enabled",
        "label": "Enable",
        "default": false
      },
      {
        "label": "Mode",
        "type": "radio",
        "id": "popup--mode",
        "options": [
          {
            "value": "auto",
            "label": "Normal"
          },
          {
            "value": "test",
            "label": "Testing (Open each page reload)"
          }
        ],
        "default": "auto"
      },
      {
        "label": "Show again after (days)",
        "id": "popup--days-range",
        "type": "range",
        "min": 1,
        "max": 30,
        "step": 1,
        "default": 7,
        "info": "Independent to each browser and device"
      },
      {
        "type": "header",
        "content": "Colors"
      },
      {
        "id": "popup--background-color",
        "label": "Background color",
        "type": "select",
        "options": [
          {
            "label": "None",
            "value": "none"
          },
          {
            "label": "Light",
            "value": "light"
          },
          {
            "label": "Dark",
            "value": "dark"
          },
          {
            "label": "Accent",
            "value": "accent"
          }
        ],
        "default": "light"
      },
      {
        "id": "popup--light-text",
        "label": "Use light text color",
        "type": "checkbox",
        "default": false
      },
      {
        "type": "header",
        "content": "Content"
      },
      {
        "type": "checkbox",
        "id": "popup--show-image",
        "label": "Show image",
        "default": true
      },
      {
        "type": "image_picker",
        "id": "popup--image",
        "label": "Image",
        "info": "300 x 450px"
      },
      {
        "type": "richtext",
        "id": "popup--newsletter-title--rt",
        "label": "Newsletter title",
        "default": "<p>Get the scoop on new arrivals, special promos and sales.<\/p>"
      },
      {
        "type": "text",
        "id": "popup--social-title",
        "label": "Social media title",
        "default": "Follow us"
      },
      {
        "type": "checkbox",
        "id": "popup--social-enabled",
        "label": "Show social icons",
        "default": true
      }
    ]
  },
  {
    "name": "Favicon",
    "settings": [
      {
        "type": "image_picker",
        "id": "favicon",
        "label": "Icon",
        "info": "Will be scaled down to 32 x 32px"
      }
    ]
  },
  {
    "name": "Blog",
    "settings": [
      {
        "id": "hide-tags",
        "label": "Hide tags from tag filter",
        "type": "text",
        "default": "featured, pinned",
        "placeholder": "featured, pinned",
        "info": "Use a comma to separate"
      }
    ]
  },
  {
    "name": "Cart page",
    "settings": [
      {
        "type": "select",
        "id": "cart--type",
        "label": "Cart type",
        "options": [
          {
            "value": "page",
            "label": "Page"
          },
          {
            "value": "drawer",
            "label": "Drawer"
          }
        ],
        "default": "drawer"
      },
      {
        "type": "checkbox",
        "id": "cart--show-note",
        "label": "Enable order notes",
        "default": true
      }
    ]
  }
]