{
  "sections": {
    "16324399488a55ecb4": {
      "type": "featured-text",
      "settings": {
        "background-color": "none",
        "light-text": false,
        "container-width": 1,
        "spacing-above": true,
        "spacing-below": true,
        "overline": "",
        "heading": "FAQs",
        "text": "<p>Find answers to our most frequently asked questions below. If you can't find what you're looking for please contact us and we'll get in touch with 24 hours.<\/p>"
      }
    },
    "main": {
      "type": "page",
      "settings": {
        "show-title": false,
        "background-color": "none",
        "light-text": false,
        "container-width": 2,
        "spacing-above": false,
        "spacing-below": true
      }
    },
    "16324397781a8be68b": {
      "type": "collapsible-tabs",
      "blocks": {
        "16324397781a8be68b-0": {
          "type": "collapsible-tab",
          "settings": {
            "heading": "Collapsible tab",
            "description": "<p>Use tabs to highlight unique features, <br\/>sizing information, <br\/>or other sales information.<\/p>",
            "page-content": ""
          }
        },
        "16324397781a8be68b-1": {
          "type": "collapsible-tab",
          "settings": {
            "heading": "Collapsible tab",
            "description": "<p>Use tabs to highlight unique features, <br\/>sizing information, <br\/>or other sales information.<\/p>",
            "page-content": ""
          }
        },
        "16324397781a8be68b-2": {
          "type": "collapsible-tab",
          "settings": {
            "heading": "Collapsible tab",
            "description": "<p>Use tabs to highlight unique features, <br\/>sizing information, <br\/>or other sales information.<\/p>",
            "page-content": ""
          }
        },
        "a6080b6f-76b2-411e-84ba-9bbd1dbedff2": {
          "type": "collapsible-tab",
          "settings": {
            "heading": "Collapsible tab",
            "description": "<p>Use tabs to highlight unique features, <br\/>sizing information, <br\/>or other sales information.<\/p>",
            "page-content": ""
          }
        },
        "5212a784-4faa-4ff4-b627-6ca5174a15f9": {
          "type": "collapsible-tab",
          "settings": {
            "heading": "Collapsible tab",
            "description": "<p>Use tabs to highlight unique features, <br\/>sizing information, <br\/>or other sales information.<\/p>",
            "page-content": ""
          }
        }
      },
      "block_order": [
        "16324397781a8be68b-0",
        "16324397781a8be68b-1",
        "16324397781a8be68b-2",
        "a6080b6f-76b2-411e-84ba-9bbd1dbedff2",
        "5212a784-4faa-4ff4-b627-6ca5174a15f9"
      ],
      "settings": {
        "background-color": "none",
        "light-text": false,
        "heading": "",
        "title-alignment": "center",
        "container-width": 2,
        "spacing-above": false,
        "spacing-below": true
      }
    }
  },
  "order": [
    "16324399488a55ecb4",
    "main",
    "16324397781a8be68b"
  ]
}