{
  "sections": {
    "1632436597fbc1d0e4": {
      "type": "image-with-text",
      "settings": {
        "text-color": "auto",
        "background-color": "none",
        "container-width": 6,
        "spacing-above": false,
        "spacing-below": true,
        "image-height": 2,
        "darken-image": true,
        "parallax-enabled": false,
        "text-position": "center",
        "text-width": "medium",
        "overlap": false,
        "box-around-text": false,
        "mobile-overlay": true,
        "overline": "Contact us",
        "title": "Get in touch",
        "description": "",
        "link-url": "",
        "link-text": ""
      }
    },
    "main": {
      "type": "page",
      "settings": {
        "show-title": false,
        "background-color": "none",
        "light-text": false,
        "container-width": 1,
        "spacing-above": false,
        "spacing-below": true
      }
    },
    "16324378141979f11c": {
      "type": "featured-text",
      "settings": {
        "background-color": "none",
        "light-text": false,
        "container-width": 1,
        "spacing-above": false,
        "spacing-below": true,
        "overline": "",
        "heading": "",
        "text": "<p>For all customer service & general inquiries please contact us below. One of our staff members will be in contact you within 24 hours.<\/p>"
      }
    },
    "1632180071f18cee62": {
      "type": "contact",
      "settings": {
        "background-color": "none",
        "light-text": false,
        "container-width": 4,
        "spacing-above": false,
        "spacing-below": true,
        "heading": "",
        "store-address": "842 Beech Street\nMountain View, CA 94041",
        "store-hours": "<p>Monday - Friday<br\/>12pm - 8pm<br\/><br\/>Saturday - Sunday<br\/>12pm - 5pm<\/p>",
        "show-social-sharing": true
      }
    }
  },
  "order": [
    "1632436597fbc1d0e4",
    "main",
    "16324378141979f11c",
    "1632180071f18cee62"
  ]
}