{
  "sections": {
    "16324732604d3e7054": {
      "type": "image-with-text",
      "settings": {
        "text-color": "auto",
        "background-color": "none",
        "container-width": 6,
        "spacing-above": false,
        "spacing-below": true,
        "image-height": 2,
        "darken-image": true,
        "parallax-enabled": false,
        "text-position": "center",
        "text-width": "medium",
        "overlap": false,
        "box-around-text": false,
        "mobile-overlay": true,
        "overline": "About",
        "title": "Our story",
        "description": "<p>Combine imagery with text to create stand-out campaign sections, eye-catching promotions, information blocks and more.<\/p>",
        "link-url": "",
        "link-text": ""
      }
    },
    "main": {
      "type": "page",
      "settings": {
        "show-title": false,
        "background-color": "none",
        "light-text": false,
        "container-width": 1,
        "spacing-above": false,
        "spacing-below": true
      }
    },
    "16324732989269ca2c": {
      "type": "featured-text",
      "settings": {
        "background-color": "none",
        "light-text": false,
        "container-width": 4,
        "spacing-above": false,
        "spacing-below": true,
        "overline": "Overline text",
        "heading": "Introduce your brand",
        "text": "<p>Introduce your brand, products and vision statement and welcome customers to your store.<\/p>"
      }
    },
    "163247330191cc65e8": {
      "type": "image-with-text",
      "settings": {
        "text-color": "auto",
        "background-color": "none",
        "container-width": 2,
        "spacing-above": false,
        "spacing-below": true,
        "image-height": 2,
        "darken-image": true,
        "parallax-enabled": false,
        "text-position": "left",
        "text-width": "small",
        "overlap": false,
        "box-around-text": false,
        "mobile-overlay": true,
        "overline": "Overline text",
        "title": "Image with Text",
        "description": "<p>Combine imagery with text to create stand-out campaign sections, eye-catching promotions, information blocks and more.<\/p>",
        "link-url": "",
        "link-text": ""
      }
    },
    "1632473305029b8e81": {
      "type": "image-with-text",
      "settings": {
        "text-color": "auto",
        "background-color": "none",
        "container-width": 2,
        "spacing-above": false,
        "spacing-below": true,
        "image-height": 2,
        "darken-image": true,
        "parallax-enabled": false,
        "text-position": "right",
        "text-width": "small",
        "overlap": false,
        "box-around-text": false,
        "mobile-overlay": true,
        "overline": "Overline text",
        "title": "Image with Text",
        "description": "<p>Combine imagery with text to create stand-out campaign sections, eye-catching promotions, information blocks and more.<\/p>",
        "link-url": "",
        "link-text": ""
      }
    },
    "1632473398c42b6136": {
      "type": "featured-video",
      "settings": {
        "video-url": "",
        "full-width": false,
        "background-color": "none",
        "section-height": "regular",
        "light-text": true,
        "darken-video": true,
        "heading": "Video",
        "sub-heading": "Add a subheading here",
        "button-text": "button",
        "button-url": ""
      }
    }
  },
  "order": [
    "16324732604d3e7054",
    "main",
    "16324732989269ca2c",
    "163247330191cc65e8",
    "1632473305029b8e81",
    "1632473398c42b6136"
  ]
}