{
  "sections": {
    "1632438205dcd4c52e": {
      "type": "image-with-text",
      "settings": {
        "text-color": "auto",
        "background-color": "none",
        "container-width": 5,
        "spacing-above": false,
        "spacing-below": true,
        "image-height": 3,
        "darken-image": true,
        "parallax-enabled": false,
        "text-position": "center",
        "text-width": "medium",
        "overlap": false,
        "box-around-text": false,
        "mobile-overlay": true,
        "overline": "Overline text",
        "title": "Lookbook",
        "description": "",
        "link-url": "",
        "link-text": ""
      }
    },
    "main": {
      "type": "page",
      "settings": {
        "show-title": false,
        "background-color": "none",
        "light-text": false,
        "container-width": 3,
        "spacing-above": false,
        "spacing-below": true
      }
    },
    "163243822008cc1cdd": {
      "type": "grid-with-overlay",
      "blocks": {
        "163243822008cc1cdd-1": {
          "type": "image",
          "settings": {
            "wide": false,
            "tall": true,
            "retain-ratio": false,
            "title": "Grid image",
            "link-url": "",
            "link-text": "View more"
          }
        },
        "163243822008cc1cdd-2": {
          "type": "image",
          "settings": {
            "wide": false,
            "tall": false,
            "retain-ratio": true,
            "title": "Grid image",
            "link-url": "",
            "link-text": "View more"
          }
        },
        "163243822008cc1cdd-3": {
          "type": "image",
          "settings": {
            "wide": false,
            "tall": false,
            "retain-ratio": true,
            "title": "Grid image",
            "link-url": "",
            "link-text": "View more"
          }
        },
        "dd134221-c067-4343-8329-87a55375741b": {
          "type": "image",
          "settings": {
            "wide": true,
            "tall": false,
            "retain-ratio": true,
            "title": "Grid image",
            "link-url": "",
            "link-text": "View more"
          }
        },
        "829a7e53-6bc6-4f66-ad58-b4dafb4b2788": {
          "type": "image",
          "settings": {
            "wide": true,
            "tall": false,
            "retain-ratio": true,
            "title": "Grid image",
            "link-url": "",
            "link-text": "View more"
          }
        },
        "1cffdf4d-d46c-4371-87ae-e5691c9d06ff": {
          "type": "image",
          "settings": {
            "wide": false,
            "tall": false,
            "retain-ratio": true,
            "title": "Grid image",
            "link-url": "",
            "link-text": "View more"
          }
        },
        "913775ee-4352-4900-92fb-411a7ae0a303": {
          "type": "image",
          "settings": {
            "wide": false,
            "tall": false,
            "retain-ratio": true,
            "title": "Grid image",
            "link-url": "",
            "link-text": "View more"
          }
        },
        "163243822008cc1cdd-0": {
          "type": "image",
          "settings": {
            "wide": true,
            "tall": true,
            "retain-ratio": true,
            "title": "Grid image",
            "link-url": "",
            "link-text": "View more"
          }
        },
        "8cdbfb93-fdcf-4331-b22b-2763f0ab82f9": {
          "type": "image",
          "settings": {
            "wide": false,
            "tall": false,
            "retain-ratio": true,
            "title": "Grid image",
            "link-url": "",
            "link-text": "View more"
          }
        }
      },
      "block_order": [
        "163243822008cc1cdd-1",
        "163243822008cc1cdd-2",
        "163243822008cc1cdd-3",
        "dd134221-c067-4343-8329-87a55375741b",
        "829a7e53-6bc6-4f66-ad58-b4dafb4b2788",
        "1cffdf4d-d46c-4371-87ae-e5691c9d06ff",
        "913775ee-4352-4900-92fb-411a7ae0a303",
        "163243822008cc1cdd-0",
        "8cdbfb93-fdcf-4331-b22b-2763f0ab82f9"
      ],
      "settings": {
        "text-style": "light-with-overlay",
        "background-color": "none",
        "mobile-overlay": true,
        "container-width": 3,
        "spacing": true,
        "spacing-above": false,
        "spacing-below": true,
        "width": 3,
        "mobile-width": "2",
        "heading": "",
        "subtitle": "",
        "link-url": "",
        "link-text": ""
      }
    },
    "16324391249e26ecb5": {
      "type": "grid-with-overlay",
      "blocks": {
        "16324391249e26ecb5-0": {
          "type": "image",
          "settings": {
            "wide": false,
            "tall": false,
            "retain-ratio": false,
            "title": "Grid image",
            "link-url": "",
            "link-text": "View more"
          }
        },
        "16324391249e26ecb5-1": {
          "type": "image",
          "settings": {
            "wide": false,
            "tall": false,
            "retain-ratio": false,
            "title": "Grid image",
            "link-url": "",
            "link-text": "View more"
          }
        }
      },
      "block_order": [
        "16324391249e26ecb5-0",
        "16324391249e26ecb5-1"
      ],
      "settings": {
        "text-style": "light-with-overlay",
        "background-color": "none",
        "mobile-overlay": true,
        "container-width": 4,
        "spacing": true,
        "spacing-above": false,
        "spacing-below": true,
        "width": 2,
        "mobile-width": "2",
        "heading": "",
        "subtitle": "",
        "link-url": "",
        "link-text": ""
      }
    },
    "163247258812e2e14a": {
      "type": "image-with-text",
      "settings": {
        "text-color": "auto",
        "background-color": "none",
        "container-width": 5,
        "spacing-above": false,
        "spacing-below": true,
        "image-height": 3,
        "darken-image": true,
        "parallax-enabled": false,
        "text-position": "center",
        "text-width": "medium",
        "overlap": false,
        "box-around-text": false,
        "mobile-overlay": true,
        "overline": "Overline text",
        "title": "Image with Text",
        "description": "<p>Combine imagery with text to create stand-out campaign sections, eye-catching promotions, information blocks and more.<\/p>",
        "link-url": "",
        "link-text": ""
      }
    }
  },
  "order": [
    "1632438205dcd4c52e",
    "main",
    "163243822008cc1cdd",
    "16324391249e26ecb5",
    "163247258812e2e14a"
  ]
}