{
  "sections": {
    "main": {
      "type": "product",
      "blocks": {
        "heading": {
          "type": "heading",
          "settings": {
          }
        },
        "vendor": {
          "type": "vendor",
          "settings": {
          }
        },
        "price": {
          "type": "price",
          "settings": {
          }
        },
        "options": {
          "type": "options",
          "settings": {
          }
        },
        "buy-buttons": {
          "type": "buy-buttons",
          "settings": {
          }
        },
        "pickup": {
          "type": "pickup",
          "settings": {
          }
        },
        "description": {
          "type": "description",
          "settings": {
          }
        },
        "social-sharing": {
          "type": "social-sharing",
          "settings": {
          }
        }
      },
      "block_order": [
        "heading",
        "vendor",
        "price",
        "options",
        "buy-buttons",
        "pickup",
        "description",
        "social-sharing"
      ],
      "settings": {
      }
    },
    "recommendations": {
      "type": "product-recommendations",
      "settings": {
      }
    }
  },
  "order": [
    "main",
    "recommendations"
  ]
}